id,source_id,slug,title,category,language,aspect_ratio,duration_sec,resolution,style_summary,scene_summary,subject_summary,core_mechanic,camera_language,lighting_color,audio_design,continuity_rules,master_prompt,negative_prompt,reference_image_prompt,recommended_models,prompt_origin,quality_notes,tags
1,1,fantasy-pirate-fleet-vs-leviathan,奇幻海盗舰队大战利维坦,电影级奇幻动作 / Boss 战,zh-CN,16:9,15.0,4K,奇幻海盗 × 巨型 Boss 战 × AAA 电影级海战 CG,暴风雨深海、五艘木制战舰、磷光巨兽、巨浪与闪电。,粉色卷发、黑金三角帽、酒红长裙的海盗女船长，对抗山脉般的利维坦。,绳索摆荡与细剑的敏捷战斗，对抗巨兽冲撞、撕咬、翻滚和倾覆。,低角度、甲板追踪、摆动主观视角、脊背跟拍、翻覆全景、横向追踪、闪电定格。,铅黑风暴天、深绿海洋、磷光绿、酒红与金色、橙色炮火、蓝白闪电。,暴雨、巨浪、木船断裂、炮火齐射、巨兽咆哮、绳索与帆布声。,船长外形、服装、武器严格一致；海洋与船体破坏遵守重量感和流体动力学。,暴风雨前的铅黑色天空下，波涛汹涌的深海 —— 一支海盗舰队扬帆起航，穿梭于波涛汹涌的海面：五艘木制战舰，旗舰位于中央，鲜红的船身闪耀着光芒。一头山脉般庞大的巨兽紧追舰队：它身披深绿黑色的鳞甲，鳞甲间闪烁着诡异的绿色磷光，头顶长着珊瑚状的骨冠，仅背部裸露的脊背就比三艘战舰还要长。一位海盗船长（角色参考 “猩红水手”：长长的玫瑰粉色卷发，青绿色的眼睛，戴着一顶镶嵌着红宝石和红色羽毛的黑金三角帽，穿着一件酒红色紧身海盗裙，内衬白色褶边衬裙，袖子是金黄色的泡泡袖，佩戴着金链饰品和红宝石吊坠，系着黑色腰带，穿着系着红色丝带的黑金高跟靴，戴着黑色露指手套，挥舞着一把镶嵌着红宝石的金柄细剑）站在旗舰的船头，羽毛和头发在狂风中飞舞。 \\\[0-3 秒\\] 战斗在开场第一秒便爆发：巨兽从海中冲出 —— 它巨大的头部拖着一道数十米高的水墙，猛烈地砸向舰队侧翼的一艘护卫舰：木质船体在它张开的巨口间断成两截，桅杆翻滚着直冲云霄，冲击波如同雪崩般席卷海洋，使旗舰剧烈倾斜。在倾斜的船首，舰长拔出佩剑，准备迎着倾泻而下的海水；她抓住一根飞速掠过的断裂绳索，荡了出去，跃过正猛烈拍击船首的巨兽尾鳍。镜头从仰拍的巨兽破口处切换到倾斜甲板上的混乱景象，然后跟随她荡绳索的弧线，飞溅的水花溅得镜头生疼。 \\\[3-6 秒\\] 穿梭于索具之间：巨兽转身再次攻击，利齿三次撕咬旗舰的上层结构 —— 它在桅杆间飞驰：荡到主桅横桁上，沿着横桁疾驰而去，跃上前桅，顺着帆索滑下 —— 三次挥击，三次撕咬，每次都落空，撕裂帆布或横桁的一部分，碎片和帆布在风暴中飞舞。甲板上的炮手们发出齐射 —— 一排橙色的炮口火焰猛烈轰击着巨兽的脖子，飞溅的水花和磷光闪闪的鳞片碎片在它尖叫着后退时四处飞溅。镜头在摇摆视角和横向跟踪之间交替，其中一帧是逆光拍摄的巨兽轮廓，被舷炮的光束照亮。 \\\[6-9 秒\\] 登上巨兽：在侧舷掩护下，她在挥剑的最高点松开 —— 利维坦的颈部鳞片被她猛地反冲过来！她沿着起伏的山脊逆风疾驰，细剑在奔跑中划过鳞片缝隙，每一次刺击都迸发出一道绿色的磷光；巨兽猛地翻滚，想要把她甩进海里 —— 她俯冲而下，将剑刃钉在鳞片缝隙中，完成了一次完整的侧滚，然后猛地起身，冲向骨冠的底部，她双手持剑，刺入一片古老而龟裂的鳞片 —— 巨兽咆哮着，震颤着海面，猛地俯冲而下！就在海水合拢之前，她猛地踢开鳞片，抓住旗舰抛出的绳索，荡回船上。手持镜头沿着她脊背的轨迹，随着巨兽的翻滚而摇晃，镜头在她跃回船身时以刀锋般的拉远镜头呈现。\\\[9-12 秒\\] 下方遭到伏击，舰队危在旦夕：海面一片死寂，只有雨声和涌浪声 —— 几秒钟诡异的静谧之后，巨兽从舰队的另一侧猛然跃出！它的身体如同活生生的山脉般隆起，接连掀翻了两艘战舰：一艘被完整地从下方抬起并翻转，另一艘则被它横扫的尾巴拦腰折断，长艇在浪涛中翻滚。舰队一边战斗一边逃窜，驶入风暴边缘 —— 两侧涌起的巨浪如同峡谷峭壁，旗舰掠过漩涡边缘，暗礁在波谷中翻腾涌动，每艘战舰全速前进，舷炮依然抵挡着追击的巨兽。舰长冲到船尾的舵前，一手握着舵轮，另一手将利剑刺向风暴中心，高声下达冲锋的命令。镜头拉远，展现巨兽倾覆的破坏景象，然后横向追踪舰队在波浪峡谷和漩涡中危险的行进路线。\\\[12-15 秒\\] 进入风暴中心：舰队猛地冲入风暴眼边缘 —— 墨绿色的雷云翻滚翻腾，闪电劈下，将海面染成一片白色；巨兽逼近，它巨大的头颅从旗舰的正后方破开，诡异的绿眸紧紧锁定着船尾楼，血盆大口张开 —— 船长在船尾楼顶端转身，船首的羽翼在暴雨中猎猎作响，她挥舞着长剑直指巨兽的血盆大口，身后的天空被闪电撕裂，舰队中的每一门大炮都齐射向这头巨兽 —— 画面定格在船长、舰队、巨兽和闪电的交汇处：追逐战未曾中断，海战在暴风雨中达到高潮。风格：奇幻海盗 × 巨型 Boss 战 × 电影级海战 CG，融合了《加勒比海盗》的海战场景、《盗贼之海》的奇幻海洋以及 AAA 级 Boss 战的紧张刺激。角色设计始终保持一致：黑金三角帽配红色羽饰，粉色卷发，青绿色眼睛，酒红色长裙配黄色泡泡袖，金链和红宝石，黑金长靴，金柄细剑。海洋物理效果是游戏的核心：滔天巨浪、飞溅的水花、水流拍打着倾斜的甲板、暴雨倾盆、漩涡翻滚、船体破碎 —— 所有这一切都具有真实的重量感和流体动力学特性。巨兽的压迫力如同山岳般强大：冲破、撕咬、翻滚、俯冲伏击、倾覆 —— 每一次行动都会重塑海洋景观。她的战斗风格是 “索具与细剑”：绳索摆荡、横渡、跃上巨兽的鳞刺、侧舷攻击 —— 以敏捷的精准对抗泰坦般的蛮力。色彩：铅黑色的暴风雨天空，深绿色的海洋，诡异的绿色磷光，酒红色和金色（船长），深红色，橙色的炮火，蓝白色的闪电。灯光：昏暗的暴风雨底部，瞬间爆发的舷炮和闪电，磷光绿色的点缀。镜头：低角度拍摄，甲板混乱的追踪镜头，摆动的主观视角，颠簸的脊柱视角，翻覆的全景镜头，波浪峡谷的横向追踪镜头，最终闪电定格 —— 无硬剪辑。4K 分辨率，电影级光照，HDR，丰富的浪花和泡沫细节。，10s,角色换装或变脸，船只数量无故变化，巨兽尺寸漂移，海水像固体或烟雾，低重量感，静态海面，穿模，额外肢体，低清晰度，水印，logo。,超精细的16:9奇幻角色设计图，官方AAA级RPG角色设定集，简洁的编辑排版，优雅的象牙色背景搭配华丽的复古金色边框。角色名称“猩红海之女航海家”，称号“绯红之海的海盗”，副标题“一位无畏的海盗船长，航行于绯红之海，寻找被遗忘的宝藏和传奇遗物”。左侧面板是这位美丽海盗船长的全身像，她拥有飘逸的玫瑰粉色长发、翠绿色的眼睛和自信的笑容。她身着一套优雅的绯红与黑色海盗服饰，包括一顶奢华的羽毛三角帽、饰有金色刺绣的紧身胸衣、层叠的蕾丝袖子、不对称的船长外套、飘逸的绯红披风、华丽的腰带、宝石饰品、及膝海盗靴和金色配饰。她自信地握着一把镶嵌着红宝石和金丝的华丽仪式弯刀。整体轮廓应展现优雅、冒险和高贵的气质。中间面板包含专业的全方位视图（正面、侧面、背面），完美呈现人物的解剖结构、发型、服装层次、配饰和武器摆放，并以自然姿态展示。右侧面板包含特写细节图，展现三角帽、华丽的弯刀柄、紧身胸衣刺绣、腰带、宝石饰品、海盗靴以及奢华的面料纹理。配饰清单包括船长帽、礼仪弯刀、红宝石罗盘、锚形吊坠和海盗珠宝。配色方案精致考究，采用深红色、玫瑰粉、薰衣草紫、黑色、古金色和暖象牙色。风格：官方奇幻RPG角色设定图，融合了碧蓝幻想×原神×火焰之纹章的美学风格，高级动漫游戏画册插画，优雅的海盗奇幻设计，高度精细的服装刺绣，精致的金色饰品，可用于生产的概念艺术图，杰作，最佳品质，超精细，8K分辨率，构图干净，无水印，无logo，无多余肢体，无变形人体结构。,Seedance 2.0 / Veo / Kling / Sora（按平台拆分为多镜头生成）,local_source_full_text,原文时间轴为 15 秒，但结尾写 10s；数据库按时间轴记录 15 秒。,奇幻 | 海盗 | 巨兽 | Boss战 | 海战 | 动作 | CG | 16:9 | 角色一致性 | 流体物理
2,2,capybara-kitchen-salt-prank,水豚噜噜厨房倒盐恶作剧,真人实拍 + 2D 贴纸荒诞喜剧,zh-CN,9:16,10.0,8K,真实厨房 POV 与扁平二维贴纸角色合成，快速硬切喜剧。,居家厨房、黑铁锅、牛肉青菜、白瓷砖、自然侧光。,头顶小橘子的二维水豚噜噜与真人双手。,整罐倒盐 → 锅铲敲头 → 爆哭塞盐 → 齁到纸片式倒地。,手机广角、第一人称俯拍、中近景、轻微手持晃动、四段快速硬切。,真实柔和自然侧光；2D 角色使用扁平色块、粗黑描边和白色贴纸边。,滋滋声、盐粒沙沙声、Duang、卡通爆哭、咕咚、倒地和灵魂升天音效。,厨房方向、灶台、角色位置、头身比、服装、色板和描边宽度全程锁定。,"生成一段 10 秒、9:16 竖屏的真人实拍与二维动漫贴纸合成的荒诞搞笑短视频。

【整体风格】

Live-Action + Flat 2D Sticker Composite，真实居家厨房实拍与扁平二维卡通贴纸角色混合。第一人称做饭视角，手机广角镜头，略微俯拍，写实自然光，真实厨房生活质感，8K 超清细节，轻微自然手持晃动。

真人手、铁锅、食材、蒸汽、盐粒和锅铲均为真实摄影质感；水豚角色及其肿包、眼泪、星星和灵魂白烟全部保持纯二维平面动画质感，使用粗黑描边、扁平色块和轻微白色贴纸边缘，不接受真实环境的立体重打光，不变成 3D 玩偶。

全片保持相同厨房、灶台位置、拍摄方向和空间关系。使用 4 个节奏紧凑的喜剧分镜，通过快速硬切连接。

【固定场景】

普通真实居家厨房。画面中央偏左是一口放在燃气灶上的黑色铁锅，锅中正在翻炒牛肉片和绿色青菜，食物表面有明显油光，不断发出滋滋声，热气和蒸汽自然向上升腾。

背景为白色瓷砖墙，墙上有插座；酱油瓶和食用油瓶整齐靠墙摆放；画面右侧是不锈钢水槽。柔和自然光从侧窗照进厨房。

【固定角色】

水豚噜噜（Capybara Lulu）是一只圆润可爱的拟人水豚二维贴纸角色：

淡黄棕色身体，巨大圆头，脸部占比很大，小方形鼻子，黑色豆豆眼，红润腮红，四只圆润豆状小短爪。穿橙色短裤，脖子系黄色小围裙，头顶顶着一颗带两片绿色叶子的小橘子。

它坐在灶台旁的小木凳上，位于铁锅右后方，身高约为铁锅直径的一半。外形、颜色、服装、大小和位置在所有镜头中严格一致。角色始终维持纯 2D 纸片感，不漂移、不闪烁、不变形、不突然立体化。

角色平时神态佛系慵懒，捣乱时露出贱兮兮的得意表情。

【精确时间轴】

\[00:00–00:03\] 镜头 1：整罐倒盐

第一人称俯视中近景。真人右手握着金属锅铲，正在锅中连续翻炒牛肉和青菜。

水豚噜噜坐在铁锅右后方的小木凳上。它眯起黑色豆豆眼，腮红加深，嘴角向一侧上扬，露出偷偷使坏的得意表情。

它用两只小短爪高高举起一个比自己脑袋还大的透明玻璃盐罐，迅速把盐罐倒转，将整罐白盐倾倒进铁锅。

大量真实白色盐粒形成连续、密集的盐粒瀑布，准确落进锅内，在牛肉和青菜中央迅速堆成一座明显的小白山。盐粒具有真实颗粒、重力和碰撞效果，不能像白色液体或烟雾。

水豚头顶的小橘子和两片绿叶随着动作快速左右抖动，但不会掉下来。

音效：持续的食物滋滋声、密集清晰的盐粒沙沙声。

\[00:03–00:05\] 镜头 2：夺罐敲头

保持相同厨房方向和角色位置，快速硬切至稍近的构图。

真人右手立刻从画面右侧伸入，一把夺走水豚怀里的玻璃盐罐；与此同时，真人另一只手举起金属锅铲，铲面朝下，对准水豚头顶轻轻敲一下。

锅铲只接触水豚头顶一次，动作快速、夸张、无伤害感。

接触瞬间，水豚头顶 “Duang” 地弹出一个鲜红色、圆鼓鼓的二维卡通肿包。肿包位于小橘子旁边，不能替代或遮住小橘子。

水豚整个二维纸片身体被敲得上下弹动一次，小木凳保持不动。它立刻用两只小短爪抱住头部，豆豆眼瞬间瞪圆，嘴巴张成 “O” 形，头顶小橘子剧烈弹动。

音效：清脆夸张的金属 “Duang” 声，加短促卡通弹簧音。

\[00:05–00:08\] 镜头 3：爆哭与塞盐

保持相同构图。

水豚双爪捂着红色肿包，眼睛迅速变成黑白旋转的蚊香眼，头顶小橘子的绿色叶片无力耷拉下来。它仰头张大嘴巴，开始夸张嚎哭。

两股纯二维亮蓝色卡通泪水从眼睛两侧向外喷射，形成对称的喷泉形弧线。泪水是平面卡通特效，不能变成真实水流。

真人右手立即用金属锅铲，从锅内的白色盐山和青菜上铲起满满一铲。锅铲从画面左下方移动到水豚张开的嘴前，把这一铲白盐和少量青菜以夸张卡通方式送进它嘴里。

锅铲只进入嘴巴前方，不穿透角色面部。水豚的嘴瞬间被塞满，哭声戛然而止，两侧腮帮迅速鼓成两个对称的巨大半球，嘴巴紧闭，脸上呈现震惊和难以下咽的表情。

音效：夸张卡通爆哭声、锅铲刮过盐堆的沙沙声、塞入口中时清脆的 “啵” 声。

\[00:08–00:10\] 镜头 4：齁到倒地

水豚维持鼓起的双侧腮帮，艰难吞咽一次。

吞咽瞬间，它的腮帮迅速变成通红色，瞳孔骤然缩成两个极小黑点，全身僵直并快速颤抖半拍。随后身体颜色从淡黄棕色短暂褪成惨白色，形成明显的二维变色效果。

紧接着，它的双眼变成两个黑色 “X”，身体像一张僵硬纸片一样，从小木凳上直挺挺向后仰倒，最终四脚朝天地瘫在灶台旁的安全台面上。倒下过程中四只小短爪在空中无力划动一下。

红色肿包和头顶小橘子仍然保留。肿包周围出现一圈旋转的黄色二维小星星。一缕细小、半透明、灵魂形状的白色卡通烟雾，从它的小方形鼻子上方悠悠升起。

真人的手仍若无其事地继续翻炒锅里的牛肉和青菜。

最后 0.3 秒定格在水豚四脚朝天、X 形眼睛、小星星旋转、白烟上升的画面。

音效：吞咽 “咕咚” 声、身体僵直 “咯噔” 声、倒下 “咚” 声、短促滑稽的卡通灵魂升天音效收尾。

【整体节奏】

前 3 秒迅速建立捣乱行为；第 3 至 5 秒完成即时惩罚；第 5 至 8 秒将哭泣和塞盐动作推向高潮；最后 2 秒快速完成脸红、褪色、X 眼和倒地。

喜剧节奏快速、荒诞、魔性，动作清楚，因果关系明确。所有卡通反应均为无血腥、无真实伤害的夸张动画效果。严格锁定水豚噜噜的角色参考图：始终保持相同的圆形大头、小方鼻、黑色豆豆眼、淡黄棕色身体、橙色短裤、黄色小围裙、头顶带绿色叶片的小橘子、豆状短爪和二维粗描边贴纸质感。

四个镜头中角色的头身比例、服装、色板、描边宽度和所在位置完全一致。最后的惨白色只是临时卡通变色，不能改变角色结构。


==================================================
【版本二：横屏贴纸喜剧·灵魂回体复仇版】
==================================================

【风格】

真人实拍 + 扁平2D动漫贴纸合成搞笑短视频
（Live-Action + Flat 2D Die-Cut Sticker Composite），第一人称做饭视角（POV Cooking Vlog），写实厨房质感与扁平卡通贴纸风格强烈反差混搭，8K超清，手持轻微晃动（Handheld Micro-shake），横屏 16:9。

【横屏构图·务必全程遵守】

画面左侧：不锈钢水槽与靠墙排列的酱油瓶、油瓶；
画面中央：灶台上的黑色铁锅，油光滋滋、蒸汽上冒；
画面右侧：水豚噜噜坐在铁锅右边的小木凳上，它身旁的台面上摆着玻璃盐罐与一整瓶红色辣椒粉（伸手可及）；
真人女性的手从画面左下方入画操作铁锅。

主体分布均衡占满横向画面，左右皆有厨房环境细节，绝不留大面积空白。

【贴纸质感·核心笑点·务必严格执行】

角色为纯扁平2D贴纸：白色模切描边（Die-Cut White Border），纸片厚度感，边角轻微翘起，绝不接受真实光照重打光，不产生真实投影，只有一层扁平的卡通阴影。

它可以像贴纸一样滑动、被拍扁、被撕起一角——真实厨房越写实，它越像被硬贴上去的，反差就越好笑。

【场景】

真实居家厨房第一人称视角：白色瓷砖墙、墙面插座，左侧不锈钢水槽与调料瓶，右侧台面与厨房纸巾，自然光从左侧窗照入，油污与水渍真实可见。

【角色】

水豚噜噜（Capybara Lulu）：圆润可爱的Q版卡通水豚，身体比例夸张，头部占比极大，淡黄色身体，穿橙色短裤，脖子系一条黄色小围裙，头顶顶着一个小橘子（橘子上有一片小绿叶），四只小短爪圆润如豆，豆豆眼，腮红。坐在铁锅右侧的小木凳上，身高约为铁锅一半，神态自带佛系慵懒底色，但搞起事来毫不手软。

【真人的手·务必全程保持一致】

真人的手为女性的手：纤细修长的女性手部，手指纤细，指甲修剪整齐涂淡粉色指甲油，手腕纤细戴一条细银手链，皮肤细腻真实、可见毛孔与细小纹理，动作轻巧灵活，从画面左下方入画。

[00:00-00:01] 镜头1：装无辜（Innocent Setup）

横屏俯视POV中景：画面左下方真人女性的手正用锅铲翻炒中央铁锅里的牛肉青菜，细银手链随动作轻晃；右侧水豚噜噜端正坐在小木凳上，双爪乖巧放在膝盖上，豆豆眼无辜望向镜头，慢慢眨了一下眼，头顶小橘子纹丝不动；它身旁台面上的盐罐与辣椒粉瓶清晰可见。

音效：食物滋滋声 + 一记轻快的木鱼“哆”。

[00:01-00:03] 镜头2：倒盐雪崩（Salt Avalanche）

镜头一转开——它瞬间变脸：眯起豆豆眼、腮红加深、嘴角咧出贱兮兮的弧度，转身抱起身旁比脑袋还大的玻璃盐罐，纸片身体后仰用力，从右侧向中央铁锅倾倒——整罐白盐哗哗全倒进锅里，真实盐粒瀑布落下堆成一座小白山，几颗盐粒溅到镜头上留下真实白点。

头顶小橘子兴奋乱抖，倒完还把空罐倒过来抖两下，确认一粒不剩。

音效：密集沙沙盐流声 + 罐底“咚咚” + 邪恶偷笑“嘿嘿嘿”。

[00:03-00:04] 镜头3：夺瓶敲头（Spatula Bonk）

真人女性的一只手从左侧横过画面夺过玻璃盐罐；另一只女性的手举起锅铲，铲面朝下“Duang”一敲——它整个纸片身体被拍得瞬间压扁成薄薄一片，再“啵”地弹回原状，头顶弹出红色卡通肿包，小短爪抱头，豆豆眼瞪成两个大圆，头顶小橘子被震得腾空后精准落回原位。

镜头轻微推近至中近景，两只手与右侧水豚同框。

音效：金属“Duang” + 卡通弹簧“咘扭” + 橘子落回“咚”。

[00:04-00:06] 镜头4：爆哭·铲盐入嘴（Cry & Feed）

镜头推至中近景横构图：中央铁锅与右侧水豚同框。

它捂着肿包，豆豆眼变成旋转蚊香眼，张大嘴巴“嗷嗷”嚎哭，蓝色卡通泪水呈喷泉状向左右两侧横向狂喷（横屏更显夸张），几滴直接喷到真实镜头上留下扁平卡通水渍（2D泪水贴在写实镜头上·关键笑点），头顶橘子的绿叶耷拉下来。

真人女性的手立刻用锅铲从盐山铲起满满一铲白盐咸菜，从左向右横向送进它张大的嘴里——腮帮子撑成两个半球，哭声被“唔唔”闷住，泪水喷泉戛然而止。

音效：夸张卡通爆哭 + 铲盐沙沙 + 塞嘴“啵” + 哭声闷断。

[00:06-00:08] 镜头5：齁到升天（Salt K.O.）

腮帮子鼓成两个通红圆球，喉咙“咕咚”咽下，瞳孔骤缩成两个小点，整个身体从淡黄刷白成惨白（贴纸褪色），僵直抖动半拍，头顶小橘子“啪”地变成灰白色。豆豆眼变成两个“X”，直挺挺向后仰倒四脚朝天，小短爪在空中无力划了一下，整片贴纸“啪嗒”平贴在右侧台面上——横屏可见它平躺的全身与中央还在冒烟的铁锅，头顶冒出一圈旋转小星星，一缕2D灵魂状白烟从方形小鼻尖悠悠飘出。

音效：吞咽“咕咚” + 僵直“咯噔” + 倒地“啪嗒” + 升天叮咚音。

[00:08-00:10] 镜头6：灵魂回体·复仇模式（Revenge Mode）

飘走一半的2D白烟灵魂突然“嗖”地倒吸回它鼻子里——它猛地弹起坐直（贴纸弹簧式回弹），身体瞬间从惨白刷回淡黄，豆豆眼中央燃起两团小小的卡通火焰。

横屏整个背景真实厨房被叠加一层横向铺满的2D卡通怒气爆发线（Anger Burst Lines）与漂浮的青筋符号，头顶小橘子“啪”地恢复橙色，绿叶“刷”地立正竖起。

它慢慢转头，直勾勾盯住镜头。

音效：灵魂倒吸“嗖” + 弹起“嘣” + 燃烧“轰” + 一记太鼓“咚”。",水豚变成 3D 玩偶，贴纸接受真实立体重打光，角色漂移闪烁，服装变化，盐像液体或烟雾，锅铲穿透面部，真实伤害或血腥，多余肢体，空间跳变。,,Seedance 2.0 / Kling / Veo（建议提供角色参考图）,local_source_full_text,完整时间轴与连续性约束齐全。,搞笑 | 厨房 | POV | 真人实拍 | 2D贴纸 | 水豚 | 9:16 | 角色一致性 | 短视频
3,3,mountain-bbq-owl-sticker-vlog,山地烧烤 Vlog：猫头鹰偷肉,户外 Vlog + 2D 贴纸搞笑短视频,zh-CN,9:16,10.0,8K,真实高海拔露营与平面剪纸猫头鹰形成强反差。,日落山地营地、石烤架、木炭、牛肉、群山、松树和薄雾。,只有牛肉三分之一大小的二维猫头鹰咕咕与逼真人手。,偷肉 → 被敲出肿包 → 生气跺脚 → 扑向手并啄击。,第一人称俯视、手持微抖、竖屏 Vlog、四段紧凑动作。,温暖落日与火红木炭；角色保持无真实重打光的二维平面纹理。,木炭滋滋、撕肉、咚、弹簧、哼、跺脚、啄击与翅膀拍击。,露营地、烤架、牛肉、人手入口方向、角色尺寸、贴纸质感和肿包连续。,风格：真人实拍+平面2D贴纸合成搞笑短视频，第一人称视角山地烧烤（POV山地烧烤Vlog），真实高海拔露营质感与平面卡通贴纸风格形成强烈对比，8K超高清，手持微抖，竖屏格式，时长10秒。场景：日落时分，山地露营地第一人称视角真实呈现：温暖的夕阳洒在山脊上，前方简易石烤架上燃烧着火红的木炭，几块厚厚的牛肉滋滋作响，油滴滴答答，远处是连绵起伏的群山、稀疏的松树和薄雾。调料瓶和木炭袋放在烤架旁。角色：Q版动漫贴纸角色（平面2D贴纸质感，卡通轮廓，剪纸风格）：迷你猫头鹰咕咕——一只超小、超级可爱的卡通猫头鹰贴纸，只有烤架上牛肉的三分之一大小。硕大的圆脑袋，水汪汪的大眼睛，头顶两簇小小的羽毛，浅灰色的身体，白色的腹部，短而圆的翅膀。画面完全是纯粹的二维平面纹理，从未经过真实光照处理。一只逼真的人手（毛孔清晰可见，略带污垢）从画面底部或右侧出现。[00:00-00:03] 镜头1：猫头鹰偷肉 第一人称俯视视角：逼真的手正用夹子翻动牛肉。迷你猫头鹰咕咕突然从左侧跳进来，落在烤架边缘，眼睛闪闪发光，兴奋地张开小嘴，用力咬下一大块已经烤熟的牛肉，撕下一大块塞进嘴里。脸颊瞬间鼓了起来，短小的翅膀欢快地拍打着。逼真的物理效果：肉屑和油花飞溅。音效：木炭滋滋作响 + 兴奋的“呼呼！”猫头鹰叫声 + 撕肉的“咝咝”声。[00:03-00:05] 镜头2：手掌敲击 一只逼真的手迅速伸过来，轻轻地用指关节敲击猫头鹰圆圆的脑袋——经典的卡通“咚！”一声。猫头鹰的头上立刻冒出一个红色的卡通包。整个纸片般的身体上下弹跳了一下，短小的翅膀遮住了头部，眼睛瞬间变成了“> <”。音效：清脆的“咚”声 + 卡通弹簧声。[00:05-00:07] 镜头3：生气撅嘴 迷你猫头鹰咕咕捂住头上的包，脸颊生气地鼓了起来，嘴巴撅成一个大大的“へ”形，眼睛变成愤怒的半闭缝隙，头上的两簇羽毛直立起来。整个贴纸身体跺着脚（纸片弹跳）。嘴里还残留着一些肉丝。音效：卡通式“哼！”愤怒音效 + 跺脚声“咚咚”。[00:07-00:10] 镜头 4：猫头鹰攻击手 猫头鹰的眼睛突然闪过一丝火焰。它展开短小的翅膀，猛扑向逼真的手，用喙狠狠地啄击手指，同时用翅膀疯狂地拍打手背。整个贴纸粘在手上，拼命挣扎。手指因攻击而微微颤抖。画面定格在猫头鹰仍然挂在手上，眼睛燃烧着火焰，红色的肿块仍在跳动。音效：愤怒的快速“呼呼呼！”+啄击“嗒嗒”+翅膀拍击“啪嗒啪嗒”+最后的卡通冲击。,猫头鹰变成真实动物或 3D 玩偶，角色尺寸漂移，真实光照重塑贴纸，穿模，手部畸形，真实伤害或血腥，背景跳变，肉与油花失去物理重量，额外翅膀或脚。,,Seedance 2.0 / Kling / Veo（建议提供角色参考图）,local_source_full_text,原提示词为单段长文本，数据库已拆成四条分镜。,搞笑 | 山地 | 烧烤 | Vlog | POV | 真人实拍 | 2D贴纸 | 猫头鹰 | 9:16 | 短视频
4,4,localized-time-freeze-city-square,单指局部时间冻结：城市广场,超写实概念 VFX / 时间操控,zh-CN,16:9,43.285,1920×1080,自然日光城市纪录片质感，无后期痕迹的局部时间冻结。,强日照欧洲城市广场，石板地、鸽群、游客、婴儿车、纪念性喷泉与历史建筑。,前景食指触碰一名移动中的行人；只有目标人物被冻结。,单指触碰精确触发局部冻结；目标保持物理锁定，周围世界继续；二次触碰无缝释放。,广场建立镜头、近距离触发、持续跟拍与绕行视差、稍宽收尾；连续镜头优先。,正午自然硬光，高反差、清晰长阴影、真实石材与肤色。,真实城市环境音、鸽群振翅与脚步；触碰可用极轻微低频提示，避免魔法音效。,只有目标冻结；目标身份、服装、姿势和接触点锁定；其他行人、鸽子、阴影和相机持续运动。,"生成一段约 43 秒、16:9 横屏、1920×1080 的超写实城市街头短片。场景是正午强日照下的欧洲城市广场：浅色石板地面，前景有一群正在啄食、走动和振翅的鸽子，背景游客持续穿行，有人推婴儿车、交谈、坐在纪念性喷泉或台阶旁，历史建筑立面清晰可见。使用自然手持或稳定器跟拍，真实手机/纪录片摄影质感，硬朗日光与清晰长阴影，连续空间关系。

核心效果是“局部时间冻结”，不是全画面定格。先用数秒建立完全正常、充满细微运动的广场。镜头靠近一名正在自然行走或转身的目标人物，拍摄者的一只手从镜头前景伸入，食指准确轻触目标。接触的精确一帧，只有被触碰的人物瞬间冻结在动作中：脚停在迈步中段，手臂、衣物、头发、表情和身体重心全部像被真实物理约束锁住；目标不能漂移、抖动、变形或继续呼吸式摆动。触碰者的手可以离开。

冻结期间，除目标外的一切保持正常时间和真实物理：鸽群继续啄食、行走、起飞和投下移动阴影；背景行人从目标前后穿过；婴儿车继续前进；远处人物继续交谈；阳光、风吹衣角和城市环境保持活跃。镜头缓慢横移并绕目标形成视差，清楚证明这是一个被局部锁定的人，而不是整帧暂停。冻结保持数秒，画面不使用魔法光效、发光描边、粒子爆炸或绿幕痕迹。

随后食指再次轻触同一目标，人物从被冻结的精确姿态无缝恢复原有动量，继续未完成的步伐或转身；动作速度、重心与衣物惯性自然衔接，周围世界从未中断。结尾用一个稍宽镜头让目标融回人群，鸽子继续活动。

节奏结构：先建立活世界，再清楚展示触碰触发点，再长时间证明“目标冻结、环境继续”，最后二次触碰释放。电影级真实感，连续镜头优先，真实人体、真实鸽群动力学、自然景深、稳定身份与服装一致性。",全世界一起冻结，整帧定格，背景行人或鸽子停止，目标在冻结期漂移、眨眼或衣物摆动，慢动作代替冻结，跳切，镜头锁死，魔法光圈，发光描边，粒子爆炸，绿幕边缘，人物变脸，服装变化，肢体变形，重复行人或鸽子。,,Seedance 2.0（作者说明所用模型）,reconstructed_from_page_and_visual_evidence,不是作者公开原始提示词；依据帖文、封面与播放器元数据反推，场景事实与效果机制已核对。,时间冻结 | 局部特效 | 城市广场 | 鸽子 | 真人实拍 | VFX | Seedance 2.0 | 16:9 | 连续镜头 | 物理一致性
5,5,ai-foreign-diner-warm-skewer-restaurant,AI 外国人探店：暖色串烧餐厅广告,AI 商业广告 / 餐饮探店,zh-CN,16:9,15.168,1280×720,电影感餐饮广告 × 外国游客旅行 Vlog × 暖色美食微距摄影。,暖色木质串烧餐厅、开放式烤台、炭火烟雾、深色木桌与烤串英雄盘。,同一名短棕发、浅色亚麻衬衫的外国男性旅行者，自然完成进店、点单与品尝。,用 AI 虚拟探店人物串联门店空间、炭火制作、真实品尝反应和菜品英雄镜头。,稳定器跟拍、肩后中景、人物与食物同框、微距制作蒙太奇、低角度菜品横移推近。,暖琥珀吊灯、焦糖棕与炭火橙，深木色背景和柔和散景，高光不过曝。,门店环境声、炭火滋滋、撒料、刷酱、盘子落桌和克制的轻快旅行音乐。,外国游客脸型、发型、服装与体型严格一致；餐厅方位、桌面、餐盘和烤串数量连续。,"生成一支约 15 秒、16:9 横屏的电影感餐饮探店广告。核心概念：不用真人请托，用 AI 生成一名自然可信的外国游客完成一次中国串烧餐厅探店。全片保持同一个人物：约 30 岁的外国男性旅行者，短棕发、浅色亚麻衬衫、深色休闲裤，表情友善克制，脸型、发型、服装、身高和肤色全程一致。环境是一家温暖、有烟火气的木质串烧餐厅，琥珀色吊灯、深色木桌、开放式烤台、轻微炭火烟雾与暖色背景散景。

[00:00-00:02.5] 用简洁的餐厅入口或门头建立镜头开场。外国游客从街边走近并自然进入餐厅，动作像真实旅行 Vlog，不看镜头摆拍。相机使用稳定器轻跟拍，迅速建立“外国游客探店”的人物身份和地点。

[00:02.5-00:05.5] 游客坐到木质吧台旁，与店员自然点头交流，观察菜单和开放式烤台。使用肩后中景与正侧面中近景快速切换，保持视线和空间方向一致。表演克制，不夸张大笑，不做网红式指镜头动作。

[00:05.5-00:09] 切入高食欲感制作蒙太奇：肉串在炭火上翻面，油脂滋滋冒泡，孜然与辣椒粉落下，火焰短促跃起，刷酱形成晶亮焦化表面。使用微距特写、浅景深、低角度掠过烤架和一次短促慢动作；油脂、烟雾、火焰与香料遵守真实物理。

[00:09-00:12.5] 烤串上桌，游客拿起一串自然品尝，先感受味道，再露出真实而含蓄的惊喜反应，轻轻点头表示认可。中近景保持人物脸部与食物同框，再补一个手持烤串和焦化纹理的特写。咀嚼动作自然，手指结构正确，竹签不穿透手掌或面部。

[00:12.5-00:15.168] 以菜品英雄镜头收尾：多串焦香烤肉整齐铺在深色陶盘中，搭配烤青椒、蒜瓣或少量蔬菜，放在深色木桌上；镜头从低角度缓慢横移并轻微推近，前景肉串油亮、孜然颗粒和焦边清晰，背景是虚化的暖色餐厅灯光与烤台火光。停留足够时间形成商用封面，不生成随机品牌文字。

整体风格：高端但真实的本地餐饮广告 × 外国游客旅行 Vlog × 美食微距摄影。色彩为暖琥珀、焦糖棕、炭火橙与深木色；高光不过曝，食物保持真实质感。剪辑节奏先人物、再制作、再品尝、最后菜品英雄镜头，镜头之间动作与视线连续。声音设计包括门店环境底噪、炭火滋滋声、撒料声、盘子落桌声和克制的轻快旅行音乐，最后英雄镜头突出烤串滋滋声。",人物换脸、年龄或国籍特征漂移、服装变化、假笑和夸张表演、手指畸形、竹签穿模、咀嚼异常、食物塑料感、油脂像胶水、烟雾穿透人物、火焰无物理来源、餐厅空间跳变、盘中烤串数量突变、随机品牌字、乱码字幕、水印、logo、过度磨皮、过曝高光。,,Seedance 2.0 / Kling / Veo（建议锁定人物参考图与菜品参考图）,reconstructed_from_page_and_visual_evidence,作者未公开完整原始提示词；人物探店流程为依据帖子主题构建的可复用广告结构，视频规格与烤串英雄画面已核对。,餐饮广告 | 外国人探店 | AI演员 | 串烧 | 烤串 | 美食微距 | 旅行Vlog | 真人实拍 | 16:9 | 角色一致性 | 商业短片
6,6,anime-summer-festival-shooting-gallery-teddy-bear,夏祭射击摊：大熊奖品反弹与友情代打,日系动漫短片 / 夏祭轻喜剧,zh-CN,16:9,25.708,3760×2160,柔和赛璐璐日系动画 × 黄昏夏祭 × 射击摊物理笑点 × 少女友情。,紫粉黄昏、暖黄纸灯笼、木制射击摊、马卡龙与数字盒奖品、奶油色泰迪熊。,浅金短发黄浴衣女孩挑战泰迪熊；粉发红浴衣与蓝发深蓝浴衣同伴在旁，蓝发少女最终代打获胜。,先击倒轻小盒建立能力，再让软木塞被大熊腹部弹回撞额头，最后由同伴精准命中并把熊送给主角。,枪管主观近景、摊位正侧中景、软木塞飞行与绒毛受击特写、表情反应、领奖背面镜头、拥抱收尾近景。,紫粉暮空、暖黄灯笼、低饱和浴衣与粉紫奶油色奖品，柔和轮廓光和浅景深。,夏祭人群底噪、轻快日系配乐、软木枪轻响、纸盒翻落、弹回滑稽音、玩偶落架闷响。,三名少女的发型、浴衣花纹、身高差和站位稳定；木枪与软木塞尺寸一致；射击轴线、反弹方向、奖品位置和交接顺序连续。,"生成一段约 25.7 秒、16:9 横屏、日系二维动画质感的夏祭轻喜剧短片。时间是黄昏入夜前，紫粉色天空与远山作背景，射击摊悬挂一排暖黄色纸灯笼，木制奖品架摆满粉、紫、奶油黄与薄荷绿的马卡龙、写有数字“2”的小盒和一只奶油色泰迪熊。画面采用柔和赛璐璐上色、细腻线稿、浅景深与温暖灯笼光，保持手绘动画的柔软质感。

全片锁定三名少女：主角是娇小的浅金色短发女孩，侧后方系蓝色小发带，穿淡黄色花纹浴衣与蓝色腰带；粉色高马尾少女穿红色樱花浴衣；蓝色短发少女穿深蓝花纹浴衣，手里拿一串红色三色丸子。三人的发型、浴衣花纹、腰带颜色、身高差、脸型和站位关系在所有镜头中保持一致。道具是一把木制软木塞射击枪，枪管、枪托和软木塞尺寸稳定。

[00:00-00:04.5] 从枪管主观近景切到摊位侧面中景。浅金发女孩在两位同伴注视下端枪瞄准下层一排数字盒，扣动扳机；软木塞沿清楚的直线飞出，连续带倒数个轻小纸盒，盒子依次倾斜、翻落，形成干净的多米诺式物理反应。穿插奖品架正面镜头，保证射击方向与盒子倒落方向一致。

[00:04.5-00:06.5] 中近景表现女孩因命中小奖品而自信微笑，随即抬高枪口，把目标转向上层马卡龙之间的奶油色泰迪熊。镜头从她的眼神切到泰迪熊，建立新的瞄准关系。

[00:06.5-00:10.5] 用夸张但物理清楚的喜剧特写展示第一次挑战大熊：软木塞撞进泰迪熊柔软的绒毛腹部，表面明显凹陷并把能量弹回；软木塞反向飞回，轻轻撞到女孩额头。切回她的反应特写，额头出现红色二维旋涡形怒气符号，她惊讶又不服气。泰迪熊保持原位，没有被第一枪击倒。

[00:10.5-00:16.5] 女孩再次认真举枪，两位同伴与她同框：粉发少女温柔鼓励，蓝发少女安静观察。使用正面中景、枪口与眼睛的紧张特写，再回到三人中景。女孩屏息瞄准但仍难以撼动泰迪熊，随后蓝发少女从她手中平稳接过木枪。

[00:16.5-00:19.5] 蓝发少女冷静完成一次准确射击。切到奖品架正面：软木塞命中泰迪熊腹部中心，留下清楚的圆形命中点，熊随后失去平衡向前翻倒。动作顺序必须是“命中—短暂停顿—翻倒”，马卡龙和周围奖品只发生轻微碰撞，不凭空跳动。

[00:19.5-00:22.5] 从三人背面中景切到正面。摊主的手从画面左侧递出赢得的泰迪熊，蓝发少女先接过，再把熊送到浅金发女孩怀里。女孩从失落转为惊喜，双手抱紧玩偶；粉发少女微笑看着她们。

[00:22.5-00:25.7] 三名少女并肩离开射击摊。蓝发少女继续拿着红色丸子，浅金发女孩抱着泰迪熊走在两人之间或稍后方。最后切近女孩的脸与熊，她闭眼露出满足笑容，以暖灯笼与奖品架虚化背景收尾。

镜头语言：枪管主观近景、摊位正面与侧面中景、软木塞飞行特写、柔软绒毛受击微距、额头反应特写、三人关系中景、领奖背面镜头、温暖笑容近景。剪辑节奏清楚，动作轴线统一，软木塞飞行、反弹、命中和泰迪熊翻倒遵守连续物理。声音可包含夏祭人群底噪、远处铃鼓与摊位声、软木枪“噗”的轻响、纸盒翻落声、软木塞弹回的滑稽音、泰迪熊落架的闷响和温柔轻快的日系配乐。",真人实拍，3D 玩偶质感，角色换脸或年龄漂移，发色变化，浴衣花纹与腰带颜色改变，角色身高忽高忽低，额外人物突然出现，枪械变成真枪，木枪尺寸漂移，软木塞消失或瞬移，射击轴线错乱，软木塞无接触穿透泰迪熊，反弹方向不符合入射方向，熊未命中就翻倒，奖品架和马卡龙跳变，盒子无重力漂浮，泰迪熊颜色或大小变化，手指畸形，道具穿模，过度暴力，血腥，强烈魔法特效，乱码字幕，水印，logo。,日系二维动画角色设定与夏祭场景参考，16:9。三名少女并排站在黄昏射击摊前：娇小浅金短发女孩穿淡黄色花纹浴衣配蓝色腰带；粉色高马尾少女穿红色樱花浴衣；蓝色短发少女穿深蓝花纹浴衣并拿红色三色丸子。背景有暖黄纸灯笼、木制奖品架、粉紫奶油色马卡龙、数字盒和奶油色泰迪熊。柔和赛璐璐上色，清晰正面全身比例，服装花纹与配色可锁定，无文字、无水印。,Seedance 2.0 / Kling / Veo（建议提供三人角色设定图并分镜生成）,reconstructed_from_page_and_full_video_evidence,不是作者公开原始提示词；依据帖子正文、完整视频、逐秒抽帧与媒体元数据反推。媒体 API 时长 25.708 秒，解码帧时长约 25.583 秒。,日系动画 | 夏祭 | 射击摊 | 浴衣 | 少女友情 | 泰迪熊 | 软木枪 | 物理喜剧 | 赛璐璐 | 16:9 | 角色一致性
7,7,as-004-mira-quill-draw-the-way,AS-004 Mira Quill：Draw the Way,实验动画 / 石墨运动研究,en,16:9,15.0,16:9 源片（竖屏合辑 1080×1920）,暖色动画纸上的石墨运动研究：结构线、擦除高光、轮廓抖动与赭色点缀。,风蚀档案庭院正在被白色虚空擦除，Mira 用 Aeroseed 画出桥梁并重建空间。,风之档案信使 Mira Quill：不对称短发、分叉长外套、窄裤、短靴与小型挎包。,世界被橡皮擦除，赭色 Aeroseed 画出的石墨线变成承重桥梁并反向重绘庭院。,极近景快速推入、横向追踪、中景侧面、低角度跟拍、起重机后拉大全景。,暖色动画纸、石墨灰、柔和涂抹与擦除高光，只保留低饱和赭色强调。,橡皮擦嘶声、干涩急促打击乐、滑步刮擦、心跳、明亮提示音与铅笔落点声。,Mira 的脸、发型、外套、挎包与比例跨镜头锁定；参考图只控制身份、风格、道具和世界，不复制设定表版式。,"AS-004 — Mira Quill: “Draw the Way”

@ Image1 controls MIRA's original identity, face, asymmetrical bob, split-tail coat, satchel, proportions, Aeroseed, graphite-on-warm-paper medium, ochre accent and archive architecture. Use it as identity, style, prop and world reference only; do not reproduce the sheet layout, white background, panels, labels or text. Preserve MIRA and her wardrobe across every cut.

Create one fast 15-second micro-story with five explicit cuts. Graphite animation on warm paper: visible construction lines, purposeful contour boil, smears, erased highlights and animation on twos.

Shot 1 (2s): Extreme close-up—the courtyard floor erases itself into a white void racing toward MIRA's boot; rapid pencil-scratch push-in; sharp eraser hiss.
Shot 2 (3s): Wide lateral track—MIRA sprints left-to-right as arches and paper streamers vanish behind her in sweeping erased strokes; coat and satchel follow through; urgent dry percussion.
Shot 3 (3s): Medium profile—at the broken edge MIRA skids, swings the satchel forward, and the ochre Aeroseed bursts free; camera stops with her; scrape, heartbeat, bright chime.
Shot 4 (4s): Low-angle tracking—MIRA leaps as the Aeroseed draws one bold graphite line through empty space; the line thickens into a bridge beneath each landing foot and redraws the courtyard outward in fast construction passes; percussion peaks.
Shot 5 (3s): Crane back to wide—MIRA lands in a stable three-quarter pose while the final arch sketches itself complete and loose graphite birds lift from the page; music resolves on one pencil tap.

One character, no dialogue, no photorealism or 3D, no face drift, no costume change, no extra limbs, no generated text. End on a complete readable hero frame.","One character only; no dialogue, no photorealism or 3D, no face drift, no costume change, no extra limbs, no generated text; do not reproduce the sheet layout, white background, panels, labels or text.","Asset type: 16:9 animation production character-and-world sheet
Primary request: Create a clean landscape production sheet for an original character named Mira Quill in graphite motion-study animation.
Subject: Mira Quill, a slim adult wind-archive courier with a short asymmetrical bob, angular oval face, long split-tail field coat, narrow trousers, ankle boots and compact satchel. Original design, no resemblance to an existing character.
Style/medium: graphite on warm animation paper, visible construction lines, soft smudging, erased highlights, controlled line boil implied in the action strip, selective muted ochre accents.
Layout: one large full-body three-quarter hero; smaller front, side and back views; head close-up with neutral and curious expressions; three-step walk silhouette strip; Aeroseed prop callout; wide archive-courtyard environment panel; stone and paper-streamer material details; four-value palette.
Environment: open wind-worn archive courtyard with high arches, paper streamers and stone paving.
Text (verbatim): ""AS-004  MIRA QUILL""
Constraints: landscape 16:9, full bodies visible, generous margins, consistent face and clothing across every view, one character only, exact same satchel and coat, no photorealism, no colour except muted ochre accent, no logos, no watermark, no extra text.",Seedance 2.0（作者指定）,author_published_full_prompt,作者在线程回复中公开了完整生图提示词与完整视频提示词；已按原文收录，并用合辑成片与媒体元数据核对。,Seedance 2.0 | 石墨动画 | 运动研究 | 角色设定图 | 微短片 | Aeroseed | 世界重建 | 16:9 | 五镜头 | 作者原始提示词
8,7,as-058-orin-vale-the-last-signal,AS-058 Orin Vale：The Last Signal,实验动画 / 针幕浮雕,en,16:9,15.0,16:9 源片（竖屏合辑 1080×1920）,严格黑白的实体针幕阴影浮雕：针尖暗影、斜侧光、压印深度与丝绒灰阶。,夜间阶梯信号广场被黑色浮雕潮吞没，Orin 用 Aeroseed 压力环重建塔楼与雾。,夜间信号守护者 Orin Vale：强壮轮廓、高领、不对称肩披、长手套、阔短裤与重靴。,三圈压力波使针体依次升起，逆转黑潮并恢复台阶、拱门、浮雕雾和信号塔。,锁定微距、高角度跟潮平移、中低角度慢推、固定俯视、宽幅侧面结尾。,严格单色，固定斜侧光，黑到白的浮雕渐变与物理针幕阴影。,金属针低语、警报敲击、低鼓脉冲、低音重击、环绕滚雷、克制铜管与针响。,Orin 的侧脸、披肩和重靴跨切口一致；侧光方向物理一致；禁止用铅笔、炭笔或 CGI 光泽替代针幕。,"AS-058 — Orin Vale: “The Last Signal”

@ Image1 controls ORIN's original identity, profile, high collar, asymmetric cape, gloves, boots, Aeroseed, terraced signal plaza and physical pinscreen relief. Use it as identity, style, prop and world reference only; do not reproduce the sheet layout, white background, panels, labels or text. Preserve ORIN's silhouette across every cut.

Create one tense 15-second micro-story with five explicit cuts. Strict monochrome physical pinscreen: thousands of pin-tip shadows, fixed oblique side light, embossed depth and velvety black-to-white gradients.

Shot 1 (2s): Macro—a luminous signal tower collapses into flat black pin depth; locked camera, pins retract in a fast circular chain; metallic pin whisper and one alarm knock.
Shot 2 (3s): Extreme wide—the black relief tide races across the terraces extinguishing towers toward ORIN; high-angle pan follows the tide, not the character; low drum pulse grows.
Shot 3 (3s): Medium low angle—ORIN steps in front of the final beacon, plants both boots, and raises the white Aeroseed to shoulder height; slow push-in ends on his resolved profile; cape settles, bass hit.
Shot 4 (4s): Overhead—the Aeroseed releases three concentric pressure rings; pins rise behind each ring, reversing the black tide and rebuilding stairs, arches and fog in luminous relief; camera remains overhead; tactile rolling thunder moves in stereo.
Shot 5 (3s): Wide profile—the last tower snaps upright and throws a white beam across the plaza; ORIN lowers his arm as relief fog parts around him; restrained brass note and final pin click.

One character, no dialogue, no colour, no pencil, charcoal, smoke simulation or CGI gloss, no face drift, no costume change, no generated text. Keep side-light direction physically consistent and end on a readable silhouette.","One character only; no dialogue, no colour, no pencil, charcoal, smoke simulation or CGI gloss, no face drift, no costume change, no generated text; keep side-light direction physically consistent; do not reproduce the sheet layout, labels or text.","Use case: infographic-diagram
Asset type: 16:9 animation production character-and-world sheet
Primary request: Create a clean landscape production sheet for an original character named Orin Vale rendered as physical pinscreen shadow relief.
Subject: Orin Vale, a sturdy adult nocturnal signal keeper with short swept hair, strong profile, high collar, asymmetric shoulder cape, long tapered gloves, broad cropped trousers and heavy boots. Original design.
Style/medium: physical pinscreen relief made from thousands of pin-tip shadows, oblique side lighting, embossed monochrome gradients, velvety black-to-white stipple, no charcoal or pencil texture.
Layout: one large full-body three-quarter hero; smaller front, side and back relief views; profile head close-up with calm and curious expressions; three-step walk silhouette strip; raised-light Aeroseed callout; wide terraced night-plaza environment panel; pin-depth and shadow-ripple detail; four-value grayscale palette.
Environment: terraced nocturnal plaza with arched signal towers and rolling relief fog.
Text (verbatim): ""AS-058  ORIN VALE""
Constraints: landscape 16:9, full bodies visible, generous margins, consistent profile, cape and boots in every view, one character only, strict monochrome, unmistakable pinscreen texture, no colour, no text except the exact title, no logos, no watermark.",Seedance 2.0（作者指定）,author_published_full_prompt,作者在线程回复中公开了完整生图提示词与完整视频提示词；已按原文收录，并用合辑成片与媒体元数据核对。,Seedance 2.0 | 针幕动画 | 浮雕 | 黑白 | 角色设定图 | 微短片 | Aeroseed | 信号塔 | 16:9 | 作者原始提示词
9,7,as-096-nia-vector-map-the-storm,AS-096 Nia Vector：Map the Storm,实验动画 / 粒子流,en,16:9,15.0,16:9 源片（竖屏合辑 1080×1920）,相干点云动画：力场驱动平流、有组织的等高流线、受控密度与柔和拖尾。,午夜流场地图被青色风暴撕开，Nia 释放外轮廓粒子改变向量路径并封闭裂口。,流场制图师 Nia Vector：圆短发、发光眼睛、结构短披风、束腰外衣、宽袖口与细靴。,只释放披风边缘和身体外轮廓形成两股可控粒子流，包住风暴并把地面点云点亮成城市地图。,微距移焦、沿等高线俯冲、正面慢推、头顶环绕、起重机上升。,深色空间背景，青色与低饱和紫色点云，金白 Aeroseed；脸和手部粒子更密。,颗粒裂响、次低频下坠、加速空气脉冲、心跳、环绕颗粒高潮、温暖钟音与深沉收束。,Nia 的脸和躯干在所有镜头中保持高密度可读；粒子沿明确向量运动；结尾完全重组且脸前无游离粒子。,"AS-096 — Nia Vector: “Map the Storm”

@ Image1 controls NIA's original identity, rounded bob, luminous eyes, structured cape, tunic, cuffs, boots, cyan-violet density pattern, gold-white Aeroseed and flow-field world. Use it as identity, style, prop and world reference only; do not reproduce the sheet layout, white background, panels, labels or text. Keep her face and torso densely legible across every cut.

Create one escalating 15-second micro-story with five explicit cuts. Coherent point-cloud animation: force-driven advection, organized contour currents, controlled density shifts and soft trails; particles always follow readable vector paths.

Shot 1 (2s): Macro—the gold Aeroseed flickers as a violent cyan current bends backward and tears a dark hole through the map; rapid rack focus from seed to rupture; granular crack and sub-bass drop.
Shot 2 (3s): Extreme wide—the particle storm funnels toward the pylons and strips their outer points away; camera dives along one contour line toward NIA; accelerating airy pulse.
Shot 3 (3s): Medium frontal—NIA braces, opens both arms, and deliberately releases only her cape edge and outer silhouette into two controlled streams; slow push-in ends on her stable eyes; sound briefly drops to a heartbeat.
Shot 4 (4s): Overhead orbit—the two streams wrap the storm, bend its vector path into a luminous spiral, and pull the dark rupture closed; NIA's face and torso remain intact; granular crescendo circles in stereo.
Shot 5 (3s): Crane up—the streams rejoin NIA completely as thousands of ground particles illuminate into a vast city-map constellation beneath her; she turns into a clear three-quarter hero silhouette; warm chime and deep resolved pulse.

One character, no dialogue, no explosion, random debris, chaotic noise, face dissolution, missing limbs, colour drift, costume change or generated text. Finish fully reassembled with no loose particles crossing the face.","One character only; no dialogue, no explosion, random debris, chaotic noise, face dissolution, missing limbs, colour drift, costume change or generated text; no photoreal human skin; finish fully reassembled with no loose particles crossing the face.","Asset type: 16:9 animation production character-and-world sheet
Primary request: Create a clean landscape production sheet for an original character named Nia Vector in coherent particle-flow animation.
Subject: Nia Vector, a tall adult flow-field cartographer with rounded bob, simple luminous eyes, short structured cape, fitted tunic, wide cuffs and slim boots. Her body is a stable readable silhouette constructed from thousands of cyan and muted-violet luminous particles with denser points around the face and hands.
Style/medium: coherent point-cloud animation concept, force-driven particle currents, controlled density, soft alpha trails, dark spatial background, gold-white Aeroseed, no chaotic noise.
Layout: one large full-body three-quarter hero; smaller front, side and back particle silhouettes; head close-up with neutral and curious expressions; three-step walk/action silhouette strip; dense gold-white Aeroseed with two cyan particle arcs; wide flow-field environment panel; particle-density and current-path detail; four-colour palette.
Environment: midnight spatial field with flowing contour lines, sparse pylons and organized particle currents.
Text (verbatim): ""AS-096  NIA VECTOR""
Constraints: landscape 16:9, full bodies visible, generous margins, same cape, face silhouette and colour-density pattern in every view, one character only, particles must form a legible body, no explosion, no random debris, no photoreal human skin, no logos, no watermark, no extra text.",Seedance 2.0（作者指定）,author_published_full_prompt,作者在线程回复中公开了完整生图提示词与完整视频提示词；已按原文收录，并用合辑成片与媒体元数据核对。,Seedance 2.0 | 粒子流 | 点云 | 流场 | 角色设定图 | 微短片 | Aeroseed | 城市地图 | 16:9 | 作者原始提示词
10,7,as-061-kade-flux-restart-the-sky,AS-061 Kade Flux：Restart the Sky,实验动画 / 墨线赛璐璐 CGI,en,16:9,15.0,16:9 源片（竖屏合辑 1080×1920）,非写实三维：稳定可变宽墨线、二至四层赛璐璐光带、平面图形阴影与短促动作爆发。,模块化屋顶风力广场失去动力，Kade 把 Aeroseed 导入涡轮核心并重启整片城市天际线。,城市风网机械师 Kade Flux：深色后掠发、棱角短夹克、不对称肩片、工具裤与结实短靴。,抓住悬浮 Aeroseed 后把它导入核心，一道琥珀冲击波依次穿过悬环并把城市光带从阴影切为青色。,极近景变焦、24mm 横向跟拍、地面高度跟滑、中高位上升、低机位英雄大全景。,浅色石材、稳定深色轮廓、图形化阴影、青色与琥珀色强调光带。,电弧爆响、即刻鼓击、金属刮擦、切分节拍、上升合成器、涡轮低鸣与两音收束。,Kade 的脸、轮廓、夹克和比例跨镜头锁定；所有动作在切镜前落点；轮廓不爬动，皮肤无塑料光泽。,"AS-061 — Kade Flux: “Restart the Sky”

@ Image1 controls KADE's original identity, swept hair, angular jacket, amber shoulder panel, trousers, boots, Aeroseed, teal-and-amber palette and rooftop wind plaza. Use it as identity, style, prop and world reference only; do not reproduce the sheet layout, white background, panels, labels or text. Preserve KADE's face, contour design and wardrobe across every cut.

Create one propulsive 15-second micro-story with five explicit cuts. Non-photoreal 3D with stable variable-width ink contours, two-to-four cel-light bands, graphic shadows and angular held poses punctuated by short motion bursts.

Shot 1 (2s): Extreme close-up—a turbine ring fractures and amber power arcs toward camera; snap zoom ends on the crack; electric pop and immediate drum hit.
Shot 2 (3s): Wide 24mm lateral track—KADE races left-to-right across the rooftop while the dead turbine collapses behind him in clean geometric pieces; one action pose per beat, teal speed accents.
Shot 3 (3s): Ground-level medium—KADE drops into one controlled knee slide beneath a falling ring and catches the hovering Aeroseed against his forearm guard; camera tracks with the slide and stops at contact; metal scrape, syncopated hit.
Shot 4 (4s): Rising three-quarter shot—KADE redirects the Aeroseed into the turbine core; one amber shock pulse travels through every suspended ring as cel bands switch from shadow to teal light across the skyline; camera cranes with the energy path; synth rises.
Shot 5 (3s): Low hero wide—the turbine locks into rotation behind KADE, wind snaps his jacket once, and the city lights answer in graphic bands; hold the final half-second on a clean silhouette; turbine thrum and decisive two-note finish.

One character, no dialogue, no photoreal skin, glossy plastic, contour crawl, face drift, costume change, extra fingers or generated text. Every cut must end after its action lands.","One character only; no dialogue, no photoreal skin, glossy plastic, contour crawl, face drift, costume change, extra fingers or generated text; no photorealism; do not reproduce the sheet layout, white background, panels, labels or text.","Asset type: 16:9 animation production character-and-world sheet
Primary request: Create a clean landscape production sheet for an original character named Kade Flux in ink-contour cel-banded CGI.
Subject: Kade Flux, an athletic adult urban wind-grid mechanic with swept dark hair, clean graphic facial planes, angular cropped jacket, one asymmetric shoulder panel, tapered utility trousers and sturdy boots. Original design, not a superhero.
Style/medium: non-photorealistic stylized 3D, two-to-four cel-shaded light bands, variable dark ink contours, flat graphic shadow shapes, pale stone surfaces with teal and amber accents, no realistic skin shading.
Layout: one large full-body three-quarter hero; smaller front, side and back views; head close-up with neutral and alert-curious expressions; three-step walk/action silhouette strip; amber Aeroseed with two teal orbit rings; wide modular rooftop wind-plaza environment panel; line-weight and cel-shadow detail; four-colour palette.
Environment: modular rooftop plaza with geometric turbines, suspended rings and block architecture.
Text (verbatim): ""AS-061  KADE FLUX""
Constraints: landscape 16:9, full bodies visible, generous margins, identical jacket, face and proportions across every view, one character only, stable dark contours, no photorealism, no glossy plastic skin, no brand marks, no watermark, no extra text.",Seedance 2.0（作者指定）,author_published_full_prompt,作者在线程回复中公开了完整生图提示词与完整视频提示词；已按原文收录，并用合辑成片与媒体元数据核对。,Seedance 2.0 | 赛璐璐CGI | 墨线轮廓 | 角色设定图 | 微短片 | Aeroseed | 涡轮 | 城市屋顶 | 16:9 | 作者原始提示词
11,8,seedance-anime-city-morning-bottled-coffee-commercial,日系二维城市晨间瓶装咖啡广告,日系二维商业动画 / 咖啡品牌广告,en,8:9,31.201,720×810,温暖手绘日系二维商业动画：柔和配色、明亮晨光、富有表情的角色动作与轻快原声音乐。,城市清晨、便利店冷柜或货架、街头饮用、温馨咖啡馆工作与朋友社交，最后以瓶装拿铁产品特写收束。,一名年轻男性在明亮城市早晨购买瓶装拿铁，饮用后带着笔记本电脑和纸质笔记本进入咖啡馆工作并与朋友相聚。,用“购买—第一口清爽体验—高效工作—朋友社交—产品英雄镜头”的生活方式叙事，把咖啡产品与积极晨间能量连接起来。,城市建立镜头、便利店货架与取瓶近景、饮用中近景、咖啡馆桌面与人物关系镜头、产品瓶慢推英雄特写。,金色暖阳、柔和低饱和城市色彩、通透浅蓝与奶咖色，咖啡馆使用温暖木色和柔和窗光。,轻快积极的原声吉他或尤克里里音乐，辅以城市晨间环境声、便利店冰柜声、开瓶与饮用声、咖啡馆谈笑声。,年轻男性的脸、发型、服装与随身物品全程一致；同一瓶咖啡的瓶型、标签颜色和容量稳定；笔记本电脑与纸质笔记本的位置连续。,"Create a 35-second anime/Ghibli-inspired 2D commercial for Starbucks Bottled Coffee featuring a young man enjoying a bright morning in the city. He picks up a Starbucks Caffè Latte from a convenience store, takes a refreshing sip, then works and socializes with friends in a cozy café while using his laptop and notebook. Warm sunlight, soft colors, expressive character animation, and upbeat acoustic music create a cheerful, inspiring atmosphere. End with a close-up of the Starbucks Caffè Latte bottles.","No photorealism, 3D CGI or live action; no character face drift, wardrobe change, extra fingers or deformed hands; no bottle shape changes, duplicate bottles before the final pack shot, warped labels, misspelled product text, random logos, flicker, inconsistent café layout, harsh neon lighting, gloomy mood or generated subtitles.",,Seedance 2.0（作者注明）,author_published_full_prompt,作者在帖子正文中公开了完整英文 prompt，数据库逐字保留；原文要求 35 秒，但公开视频媒体元数据为 31.201 秒、720×810，分镜按实际时长整理。,Seedance 2.0 | 日系二维动画 | 商业广告 | 瓶装咖啡 | 城市早晨 | 便利店 | 咖啡馆 | 生活方式 | 产品特写 | 8:9 | 作者原始提示词
12,9,seedance-anime-riverside-camp-beef-pho-cooking,河畔露营牛肉河粉：金色篝火料理动画,日系二维美食动画 / 户外烹饪,en,16:9,12.5,1280×720,电影感日系二维美食动画：河畔露营、金色暖光、篝火炊烟、细腻食材微距与顺滑转场。,宁静河畔露营地，以木质料理台、铸铁锅和篝火完成牛肉河粉的备料、熬汤、装碗、浇汤和装饰。,大理石纹牛肉、牛骨、姜、洋葱、整粒香料、泰国罗勒、豆芽、青柠、辣椒、红洋葱、米粉与陶瓷碗。,用滚烫牛骨香料汤浇在米粉和薄切生牛肉上，让肉片在镜头前由红色自然变为柔嫩熟色，再以新鲜香草完成英雄碗。,河畔建立镜头、俯拍备料、刀工微距、篝火铸铁锅近景、蒸汽慢推、浇汤特写与成品英雄环绕。,夕阳与篝火形成金色主光，河水使用柔和蓝绿反光；食材保持自然红、绿、白与暖棕色。,河水、微风和鸟鸣底噪，刀切砧板声、香料落盘声、篝火噼啪、汤汁沸腾、浇汤声与轻柔温暖配乐。,同一河畔营地、木桌、铸铁锅、陶瓷碗和食材组合保持连续；牛肉必须从薄切生肉经热汤逐渐变色，不瞬间替换；配料只在正确步骤出现。,"Create a cinematic anime-style cooking video showing the outdoor preparation of authentic beef pho at a peaceful riverside campsite. Begin with slicing marbled beef, preparing ginger, onions, whole spices, fresh Thai basil, bean sprouts, and lime, then simmer beef bones, aromatics, and spices in a cast-iron pot over a crackling campfire to create a rich broth. Finally, place rice noodles in a ceramic bowl, top with thin beef slices, pour steaming broth to gently cook the meat, and finish with herbs, chili, red onion, and lime. Capture warm golden lighting, cozy camping vibes, detailed food close-ups, smooth transitions, and beautiful anime-inspired visuals.","No photoreal live action or glossy 3D CGI; no deformed hands, warped knife, floating ingredients, changing pot or bowl, duplicated utensils, instant ingredient teleportation, muddy or gelatinous broth, plastic-looking beef, noodles merging into a solid mass, steam without heat source, uncontrolled fire, incorrect garnish order, text, subtitles, logos, watermarks or flicker.",,Seedance 2.0（作者注明）,author_published_full_prompt,作者在帖子正文中公开完整英文 prompt，数据库逐字保留；公开视频媒体元数据为 12.5 秒、1280×720。原文未给分镜时间轴，数据库依据烹饪步骤整理为 7 段可执行镜头。,Seedance 2.0 | 日系二维动画 | 美食动画 | 越南河粉 | 牛肉河粉 | 河畔露营 | 篝火烹饪 | 食材微距 | 浇汤 | 16:9 | 作者原始提示词
